{
    "name": "Incremental-copy",
    "properties": {
        "activities": [
            {
                "name": "Get Metadata1",
                "type": "GetMetadata",
                "dependsOn": [],
                "policy": {
                    "timeout": "0.12:00:00",
                    "retry": 0,
                    "retryIntervalInSeconds": 30,
                    "secureOutput": false,
                    "secureInput": false
                },
                "userProperties": [],
                "typeProperties": {
                    "dataset": {
                        "referenceName": "DelimitedText1",
                        "type": "DatasetReference"
                    },
                    "fieldList": [
                        "childItems"
                    ],
                    "storeSettings": {
                        "type": "AzureBlobFSReadSettings",
                        "recursive": true,
                        "enablePartitionDiscovery": false
                    },
                    "formatSettings": {
                        "type": "DelimitedTextReadSettings"
                    }
                }
            },
            {
                "name": "ForEach1",
                "type": "ForEach",
                "dependsOn": [
                    {
                        "activity": "Get Metadata1",
                        "dependencyConditions": [
                            "Succeeded"
                        ]
                    }
                ],
                "userProperties": [],
                "typeProperties": {
                    "items": {
                        "value": "@activity('Get Metadata1').output.childItems",
                        "type": "Expression"
                    },
                    "activities": [
                        {
                            "name": "Get Metadata2",
                            "type": "GetMetadata",
                            "dependsOn": [],
                            "policy": {
                                "timeout": "0.12:00:00",
                                "retry": 0,
                                "retryIntervalInSeconds": 30,
                                "secureOutput": false,
                                "secureInput": false
                            },
                            "userProperties": [],
                            "typeProperties": {
                                "dataset": {
                                    "referenceName": "DelimitedText2",
                                    "type": "DatasetReference",
                                    "parameters": {
                                        "FileName": {
                                            "value": "@item().name",
                                            "type": "Expression"
                                        }
                                    }
                                },
                                "fieldList": [
                                    "lastModified",
                                    "itemName"
                                ],
                                "storeSettings": {
                                    "type": "AzureBlobFSReadSettings",
                                    "recursive": true,
                                    "enablePartitionDiscovery": false
                                },
                                "formatSettings": {
                                    "type": "DelimitedTextReadSettings"
                                }
                            }
                        },
                        {
                            "name": "If Condition1",
                            "type": "IfCondition",
                            "dependsOn": [
                                {
                                    "activity": "Get Metadata2",
                                    "dependencyConditions": [
                                        "Succeeded"
                                    ]
                                }
                            ],
                            "userProperties": [],
                            "typeProperties": {
                                "expression": {
                                    "value": "@greater(activity('Get Metadata2').output.lastModified,variables('RefDateTime'))",
                                    "type": "Expression"
                                },
                                "ifTrueActivities": [
                                    {
                                        "name": "Set variable1",
                                        "type": "SetVariable",
                                        "dependsOn": [],
                                        "policy": {
                                            "secureOutput": false,
                                            "secureInput": false
                                        },
                                        "userProperties": [],
                                        "typeProperties": {
                                            "variableName": "RefDateTime",
                                            "value": {
                                                "value": "@activity('Get Metadata2').output.lastModified",
                                                "type": "Expression"
                                            }
                                        }
                                    },
                                    {
                                        "name": "Set variable2",
                                        "type": "SetVariable",
                                        "dependsOn": [
                                            {
                                                "activity": "Set variable1",
                                                "dependencyConditions": [
                                                    "Succeeded"
                                                ]
                                            }
                                        ],
                                        "policy": {
                                            "secureOutput": false,
                                            "secureInput": false
                                        },
                                        "userProperties": [],
                                        "typeProperties": {
                                            "variableName": "latestFile",
                                            "value": {
                                                "value": "@activity('Get Metadata2').output.itemName",
                                                "type": "Expression"
                                            }
                                        }
                                    }
                                ]
                            }
                        }
                    ]
                }
            },
            {
                "name": "Copy data1",
                "type": "Copy",
                "dependsOn": [
                    {
                        "activity": "ForEach1",
                        "dependencyConditions": [
                            "Succeeded"
                        ]
                    }
                ],
                "policy": {
                    "timeout": "0.12:00:00",
                    "retry": 0,
                    "retryIntervalInSeconds": 30,
                    "secureOutput": false,
                    "secureInput": false
                },
                "userProperties": [],
                "typeProperties": {
                    "source": {
                        "type": "DelimitedTextSource",
                        "storeSettings": {
                            "type": "AzureBlobFSReadSettings",
                            "recursive": true,
                            "enablePartitionDiscovery": false
                        },
                        "formatSettings": {
                            "type": "DelimitedTextReadSettings"
                        }
                    },
                    "sink": {
                        "type": "DelimitedTextSink",
                        "storeSettings": {
                            "type": "AzureBlobFSWriteSettings"
                        },
                        "formatSettings": {
                            "type": "DelimitedTextWriteSettings",
                            "quoteAllText": true,
                            "fileExtension": ".txt"
                        }
                    },
                    "enableStaging": false,
                    "translator": {
                        "type": "TabularTranslator",
                        "typeConversion": true,
                        "typeConversionSettings": {
                            "allowDataTruncation": true,
                            "treatBooleanAsNumber": false
                        }
                    }
                },
                "inputs": [
                    {
                        "referenceName": "DelimitedText2",
                        "type": "DatasetReference",
                        "parameters": {
                            "FileName": {
                                "value": "@variables('latestFile')",
                                "type": "Expression"
                            }
                        }
                    }
                ],
                "outputs": [
                    {
                        "referenceName": "DelimitedText3",
                        "type": "DatasetReference",
                        "parameters": {
                            "FileName": {
                                "value": "@variables('latestFile')",
                                "type": "Expression"
                            }
                        }
                    }
                ]
            }
        ],
        "variables": {
            "latestFile": {
                "type": "String"
            },
            "RefDateTime": {
                "type": "String",
                "defaultValue": "1900-01-01 00:00:00"
            }
        },
        "annotations": [],
        "lastPublishTime": "2025-05-13T19:43:05Z"
    },
    "type": "Microsoft.DataFactory/factories/pipelines"
}