{
    "name": "DelimitedText2",
    "properties": {
        "linkedServiceName": {
            "referenceName": "pa_datalake",
            "type": "LinkedServiceReference"
        },
        "parameters": {
            "FileName": {
                "type": "string"
            }
        },
        "annotations": [],
        "type": "DelimitedText",
        "typeProperties": {
            "location": {
                "type": "AzureBlobFSLocation",
                "fileName": {
                    "value": "@dataset().FileName",
                    "type": "Expression"
                },
                "fileSystem": "source"
            },
            "columnDelimiter": ",",
            "escapeChar": "\\",
            "firstRowAsHeader": false,
            "quoteChar": "\""
        },
        "schema": []
    },
    "type": "Microsoft.DataFactory/factories/datasets"
}