{
    "name": "DS_OnPrem_person",
    "properties": {
        "linkedServiceName": {
            "referenceName": "Onprem_SqlServer",
            "type": "LinkedServiceReference"
        },
        "annotations": [],
        "type": "SqlServerTable",
        "schema": [
            {
                "name": "BusinessEntityID",
                "type": "int",
                "precision": 10
            },
            {
                "name": "PersonType",
                "type": "nchar"
            },
            {
                "name": "NameStyle",
                "type": "bit"
            },
            {
                "name": "Title",
                "type": "nvarchar"
            },
            {
                "name": "FirstName",
                "type": "nvarchar"
            },
            {
                "name": "MiddleName",
                "type": "nvarchar"
            },
            {
                "name": "LastName",
                "type": "nvarchar"
            },
            {
                "name": "Suffix",
                "type": "nvarchar"
            },
            {
                "name": "EmailPromotion",
                "type": "int",
                "precision": 10
            },
            {
                "name": "AdditionalContactInfo",
                "type": "xml"
            },
            {
                "name": "Demographics",
                "type": "xml"
            },
            {
                "name": "rowguid",
                "type": "uniqueidentifier"
            },
            {
                "name": "ModifiedDate",
                "type": "datetime",
                "precision": 23,
                "scale": 3
            }
        ],
        "typeProperties": {
            "schema": "Person",
            "table": "Person"
        }
    }
}