{
    "now": "2025-05-14T18:40:48.097Z",
    "perfNow": 21656.200000047684,
    "diagnosticCorrelation": "f0f38d66-74aa-4389-9eb0-876e94d8cb96",
    "source": "DownloadSupportFiles",
    "environment": {
        "productName": "adf",
        "buildVersion": "1.0.042825.10",
        "environmentType": 3,
        "resourceName": "PA-ADFdemo",
        "resourceRegion": "centralindia",
        "resourceGroup": "rg-azuser2980_mml.local-E7Ama",
        "subscriptionId": "2a3c6418-97b9-4d96-a24b-2c2d7633d375",
        "sessionId": "S7qcfzbIJxPAeJxSE4AYUk",
        "operationId": "",
        "gitType": "live",
        "loggingKey": "18bdc0ab-86d4-4c17-930c-3442e104faa1"
    },
    "additionalInfo": {
        "selectedResource": "MultiFolder-IncrementCopy",
        "selectedResourceType": "pipeline"
    }
}