{
    "name": "OnPrem_datacopy",
    "properties": {
        "activities": [
            {
                "name": "Copy data1",
                "type": "Copy",
                "dependsOn": [],
                "policy": {
                    "timeout": "0.12:00:00",
                    "retry": 0,
                    "retryIntervalInSeconds": 30,
                    "secureOutput": false,
                    "secureInput": false
                },
                "userProperties": [],
                "typeProperties": {
                    "source": {
                        "type": "SqlServerSource",
                        "queryTimeout": "02:00:00",
                        "partitionOption": "None"
                    },
                    "sink": {
                        "type": "AzureSqlSink",
                        "writeBehavior": "insert",
                        "sqlWriterUseTableLock": false,
                        "tableOption": "autoCreate",
                        "disableMetricsCollection": false
                    },
                    "enableStaging": false,
                    "translator": {
                        "type": "TabularTranslator",
                        "mappings": [
                            {
                                "source": {
                                    "name": "BusinessEntityID",
                                    "type": "Int32",
                                    "physicalType": "int"
                                },
                                "sink": {
                                    "name": "BusinessEntityID",
                                    "type": "Int32",
                                    "physicalType": "int"
                                }
                            },
                            {
                                "source": {
                                    "name": "PersonType",
                                    "type": "String",
                                    "physicalType": "nchar"
                                },
                                "sink": {
                                    "name": "PersonType",
                                    "type": "String",
                                    "physicalType": "nvarchar"
                                }
                            },
                            {
                                "source": {
                                    "name": "NameStyle",
                                    "type": "Boolean",
                                    "physicalType": "bit"
                                },
                                "sink": {
                                    "name": "NameStyle",
                                    "type": "Boolean",
                                    "physicalType": "bit"
                                }
                            },
                            {
                                "source": {
                                    "name": "Title",
                                    "type": "String",
                                    "physicalType": "nvarchar"
                                },
                                "sink": {
                                    "name": "Title",
                                    "type": "String",
                                    "physicalType": "nvarchar"
                                }
                            },
                            {
                                "source": {
                                    "name": "FirstName",
                                    "type": "String",
                                    "physicalType": "nvarchar"
                                },
                                "sink": {
                                    "name": "FirstName",
                                    "type": "String",
                                    "physicalType": "nvarchar"
                                }
                            },
                            {
                                "source": {
                                    "name": "MiddleName",
                                    "type": "String",
                                    "physicalType": "nvarchar"
                                },
                                "sink": {
                                    "name": "MiddleName",
                                    "type": "String",
                                    "physicalType": "nvarchar"
                                }
                            },
                            {
                                "source": {
                                    "name": "LastName",
                                    "type": "String",
                                    "physicalType": "nvarchar"
                                },
                                "sink": {
                                    "name": "LastName",
                                    "type": "String",
                                    "physicalType": "nvarchar"
                                }
                            },
                            {
                                "source": {
                                    "name": "Suffix",
                                    "type": "String",
                                    "physicalType": "nvarchar"
                                },
                                "sink": {
                                    "name": "Suffix",
                                    "type": "String",
                                    "physicalType": "nvarchar"
                                }
                            },
                            {
                                "source": {
                                    "name": "EmailPromotion",
                                    "type": "Int32",
                                    "physicalType": "int"
                                },
                                "sink": {
                                    "name": "EmailPromotion",
                                    "type": "Int32",
                                    "physicalType": "int"
                                }
                            },
                            {
                                "source": {
                                    "name": "AdditionalContactInfo",
                                    "type": "String",
                                    "physicalType": "xml"
                                },
                                "sink": {
                                    "name": "AdditionalContactInfo",
                                    "type": "String",
                                    "physicalType": "nvarchar"
                                }
                            },
                            {
                                "source": {
                                    "name": "Demographics",
                                    "type": "String",
                                    "physicalType": "xml"
                                },
                                "sink": {
                                    "name": "Demographics",
                                    "type": "String",
                                    "physicalType": "nvarchar"
                                }
                            },
                            {
                                "source": {
                                    "name": "rowguid",
                                    "type": "Guid",
                                    "physicalType": "uniqueidentifier"
                                },
                                "sink": {
                                    "name": "rowguid",
                                    "type": "Guid",
                                    "physicalType": "uniqueidentifier"
                                }
                            },
                            {
                                "source": {
                                    "name": "ModifiedDate",
                                    "type": "DateTime",
                                    "physicalType": "datetime"
                                },
                                "sink": {
                                    "name": "ModifiedDate",
                                    "type": "DateTime",
                                    "physicalType": "datetime2"
                                }
                            }
                        ],
                        "typeConversion": true,
                        "typeConversionSettings": {
                            "allowDataTruncation": true,
                            "treatBooleanAsNumber": false
                        }
                    }
                },
                "inputs": [
                    {
                        "referenceName": "DS_OnPrem_person",
                        "type": "DatasetReference"
                    }
                ],
                "outputs": [
                    {
                        "referenceName": "DS_sink_person",
                        "type": "DatasetReference"
                    }
                ]
            }
        ],
        "annotations": []
    }
}