{
    "name": "DelimitedText5",
    "properties": {
        "linkedServiceName": {
            "referenceName": "pa_datalake",
            "type": "LinkedServiceReference"
        },
        "parameters": {
            "FolderName": {
                "type": "string"
            }
        },
        "annotations": [],
        "type": "DelimitedText",
        "typeProperties": {
            "location": {
                "type": "AzureBlobFSLocation",
                "fileSystem": {
                    "value": "@dataset().FolderName",
                    "type": "Expression"
                }
            },
            "columnDelimiter": ",",
            "escapeChar": "\\",
            "firstRowAsHeader": false,
            "quoteChar": "\""
        },
        "schema": []
    },
    "type": "Microsoft.DataFactory/factories/datasets"
}