{
    "now": "2025-05-16T17:22:36.011Z",
    "perfNow": 2751253.200000003,
    "diagnosticCorrelation": "143effb5-2aa6-4dc0-86d8-2d7c5b6b704e",
    "source": "DownloadSupportFiles",
    "environment": {
        "productName": "adf",
        "buildVersion": "1.0.050825.12",
        "environmentType": 3,
        "resourceName": "PA-ADFdemo",
        "resourceRegion": "centralindia",
        "resourceGroup": "rg-azuser2980_mml.local-E7Ama",
        "subscriptionId": "2a3c6418-97b9-4d96-a24b-2c2d7633d375",
        "sessionId": "TOtcNojF8AflUFSWzaiSyd",
        "operationId": "",
        "gitType": "live",
        "loggingKey": "9b08d59a-a3a1-4b91-b5d9-d2cffe335b5f"
    },
    "additionalInfo": {
        "selectedResource": "OnPrem_datacopy",
        "selectedResourceType": "pipeline"
    }
}